fault_mode,n_normal,n_anomaly,n_seeds,auc_mean,auc_sample_sd,pauc_mean,pauc_sample_sd,f1_mean,f1_sample_sd
belt_tension_abnormal,300,100,3,0.7230888888888889,0.02403872647147456,0.5924561403508772,0.0163110727005887,0.2948626230316371,0.18938403907600312
extruder_cogging_or_no_extrusion,300,100,3,0.6654111111111111,0.05133216809644292,0.5773099415204679,0.016007590279228653,0.28982948590894775,0.20106687325068953
toolhead_collision,300,100,3,0.9983888888888889,0.00128639605674721,0.9960818713450292,0.002639364700911424,0.6033906970032077,0.3305757572869905
