metric,mean,sample_sd,n_seeds
auc,0.7956296296296297,0.01905118619596293,3
pauc,0.7219493177387915,0.009021087837002376,3
f1,0.6199162704972301,0.08895030787727169,3
gamma_threshold,13.075611607292608,0.9376140605341067,3
