seed,auc,pauc,f1,gamma_threshold,n_normal,n_anomaly
23711,0.8166777777777777,0.7304093567251462,0.5172413793103449,14.15827394161571,300,300
23712,0.7795666666666667,0.7124561403508772,0.6736111111111112,12.535632804651378,300,300
23713,0.7906444444444445,0.7229824561403508,0.6688963210702341,12.532928075610737,300,300
