{
  "auc": 0.7795666666666667,
  "pauc": 0.7124561403508772,
  "f1": 0.6736111111111112,
  "threshold": 12.535632804651378,
  "n_files": 600,
  "n_normal": 300,
  "n_anomaly": 300
}
