{
  "auc": 0.7906444444444445,
  "pauc": 0.7229824561403508,
  "f1": 0.6688963210702341,
  "threshold": 12.532928075610737,
  "n_files": 600,
  "n_normal": 300,
  "n_anomaly": 300
}
