{
  "auc": 0.8166777777777777,
  "pauc": 0.7304093567251462,
  "f1": 0.5172413793103449,
  "threshold": 14.15827394161571,
  "n_files": 600,
  "n_normal": 300,
  "n_anomaly": 300
}
