system_id,view,auc,pauc,f1_train_normal_q95,train_normal_q95_threshold
front_only,Front-only,0.9657333333333333,0.8308187134502925,0.8369565217391305,1.659746855497359
near_only,Rear-only,0.9873333333333333,0.9525146198830409,0.9389067524115756,1.8338930428028106
residual_view,Rear - 0.5 front,0.9895,0.9588888888888889,0.9415584415584416,1.7146511316299435
